path	producer	sha256	url
2411-Performance_Up.pptx	microsoft-powerpoint	a387861a0066ad11ba85aba9572830c1ec1ab9a24380728ead34d2b5b26662c0	https://raw.githubusercontent.com/apache/poi/11ede1db13c554b4341266faeb84e327fc316379/test-data/slideshow/2411-Performance_Up.pptx
45541_Footer.pptx	microsoft-powerpoint	5e81b8c682c0b9b574d8dae72a0f1822f20a70436e251d981e295c98076b059a	https://raw.githubusercontent.com/apache/poi/11ede1db13c554b4341266faeb84e327fc316379/test-data/slideshow/45541_Footer.pptx
45541_Header.pptx	microsoft-powerpoint	fda10ff5e22a0222a40a69ddd6d00b29dc8081eff499ccf2b5df0579395a0df2	https://raw.githubusercontent.com/apache/poi/11ede1db13c554b4341266faeb84e327fc316379/test-data/slideshow/45541_Header.pptx
45545_Comment.pptx	microsoft-powerpoint	0295a51f63150e3ee680154d07dab88062ba2306030b790561f85436f3ded7c8	https://raw.githubusercontent.com/apache/poi/11ede1db13c554b4341266faeb84e327fc316379/test-data/slideshow/45545_Comment.pptx
49386-null_dates.pptx	microsoft-powerpoint	64ef06e6d3869a8eea90ea28ddf35f20ff59578d09d04611343f32aa56ac196e	https://raw.githubusercontent.com/apache/poi/11ede1db13c554b4341266faeb84e327fc316379/test-data/slideshow/49386-null_dates.pptx
51187.pptx	microsoft-powerpoint	a1728e7e6c4cf6470fd2d5cf044b6db008ddb75f512c390ab5bc71bbcf37a909	https://raw.githubusercontent.com/apache/poi/11ede1db13c554b4341266faeb84e327fc316379/test-data/slideshow/51187.pptx
54542_cropped_bitmap.pptx	microsoft-powerpoint	fa219615dae3cd01f62e8449f7b477bebadd53d3cfba3348ada6377098d8c65e	https://raw.githubusercontent.com/apache/poi/11ede1db13c554b4341266faeb84e327fc316379/test-data/slideshow/54542_cropped_bitmap.pptx
56812.pptx	microsoft-powerpoint	36545b1502bc7149de9ec537ae2a7e83e6c8baf24c7f72e9944d863c41072b65	https://raw.githubusercontent.com/apache/poi/11ede1db13c554b4341266faeb84e327fc316379/test-data/slideshow/56812.pptx
60042.pptx	microsoft-powerpoint	d72533cdc38a93dd87c5fa7268b185d3b871daf4c4693627a09bc0dc80a04f04	https://raw.githubusercontent.com/apache/poi/11ede1db13c554b4341266faeb84e327fc316379/test-data/slideshow/60042.pptx
60810.pptx	microsoft-powerpoint	61afceb0365523ceba6fc00a525157148c2ddbdb3b5d843992ac3c107e9921bf	https://raw.githubusercontent.com/apache/poi/11ede1db13c554b4341266faeb84e327fc316379/test-data/slideshow/60810.pptx
61515.pptx	microsoft-powerpoint	469ccfe059370656a241f08c89d4b2d81ac2ba9eb12835f6b3b573cc56bccc3d	https://raw.githubusercontent.com/apache/poi/11ede1db13c554b4341266faeb84e327fc316379/test-data/slideshow/61515.pptx
63200.pptx	microsoft-powerpoint	9729b1032278541ffa549b86a51336fd6063c309f3fc25ba68af376d03a92e69	https://raw.githubusercontent.com/apache/poi/11ede1db13c554b4341266faeb84e327fc316379/test-data/slideshow/63200.pptx
ArtisticEffectSample.pptx	microsoft-powerpoint	55c9b01d60efc8245f5d28097e702e1921e06aebfab522b6de574dcb435d66b7	https://raw.githubusercontent.com/apache/poi/11ede1db13c554b4341266faeb84e327fc316379/test-data/slideshow/ArtisticEffectSample.pptx
EmbeddedAudio.pptx	microsoft-powerpoint	c5ae4274e2bf5504a56aef9c8d7c5d2381ece69c9bf68f7749ad5eae3e675edb	https://raw.githubusercontent.com/apache/poi/11ede1db13c554b4341266faeb84e327fc316379/test-data/slideshow/EmbeddedAudio.pptx
EmbeddedVideo.pptx	microsoft-powerpoint	7940e3b1a339db11f00b65399a2fe77e0e85a5da3a30ac8d6c8a0a77527b2ab2	https://raw.githubusercontent.com/apache/poi/11ede1db13c554b4341266faeb84e327fc316379/test-data/slideshow/EmbeddedVideo.pptx
KEY02.pptx	keynote-export	426b532f79586c354750ba41f7ce6b0a3e153263b2a6db15c885a0c20e0fa6c4	https://raw.githubusercontent.com/apache/poi/11ede1db13c554b4341266faeb84e327fc316379/test-data/slideshow/KEY02.pptx
LIBRE_OFFICE-100610-0.pptx	libreoffice-impress	3691e1902a2590f34ed9b846a84469d9095e1556f7d3d81cb1c4a429145fd596	https://raw.githubusercontent.com/apache/poi/11ede1db13c554b4341266faeb84e327fc316379/test-data/slideshow/LIBRE_OFFICE-100610-0.pptx
OverlappingRelations.pptx	microsoft-powerpoint	1ea1c979983ddafa798da32f7fd12a72b6262478aae1c7e021354226e0a8790f	https://raw.githubusercontent.com/apache/poi/11ede1db13c554b4341266faeb84e327fc316379/test-data/slideshow/OverlappingRelations.pptx
SampleShow.pptx	microsoft-powerpoint	bfb4b2f07c9233afd2f32aa5781d849d0c7d225bf03721a10becf487b481d828	https://raw.githubusercontent.com/apache/poi/11ede1db13c554b4341266faeb84e327fc316379/test-data/slideshow/SampleShow.pptx
SmartArt.pptx	microsoft-powerpoint	b97e4c6d2ee1dd4094f50f9043820610268dd452d7717c537f5456636adcc353	https://raw.githubusercontent.com/apache/poi/11ede1db13c554b4341266faeb84e327fc316379/test-data/slideshow/SmartArt.pptx
WithMaster.pptx	microsoft-powerpoint	54ae7677fd2813a815160cc72bd8960a4e482690dfc369b392868521c9b61549	https://raw.githubusercontent.com/apache/poi/11ede1db13c554b4341266faeb84e327fc316379/test-data/slideshow/WithMaster.pptx
aascu.org_hbcu_leadershipsummit_cooper_.pptx	microsoft-powerpoint	0089e34825a40c63c3001b866a0f769fceaae7f0748a8f444db513305d9baa70	https://raw.githubusercontent.com/apache/poi/11ede1db13c554b4341266faeb84e327fc316379/test-data/slideshow/aascu.org_hbcu_leadershipsummit_cooper_.pptx
aascu.org_workarea_downloadasset.aspx_id=5864.pptx	microsoft-powerpoint	5df09eff2c5fbb2bea72971421dc5507d68cab10ce3af8791969fdee35e76991	https://raw.githubusercontent.com/apache/poi/11ede1db13c554b4341266faeb84e327fc316379/test-data/slideshow/aascu.org_workarea_downloadasset.aspx_id=5864.pptx
ae.ac.uaeu.faculty_nafaachbili_GeomLec1.pptx	microsoft-powerpoint	cfdb76d2090c69e5437d19e50ff5c02527e7d1b76b7a17cbb9794b3d5b9f9d79	https://raw.githubusercontent.com/apache/poi/11ede1db13c554b4341266faeb84e327fc316379/test-data/slideshow/ae.ac.uaeu.faculty_nafaachbili_GeomLec1.pptx
alterman_security.pptx	microsoft-powerpoint	71000335a83a16ded97f6d43c1e49ccfee71becf3338cb9b87296466be9ebbd4	https://raw.githubusercontent.com/apache/poi/11ede1db13c554b4341266faeb84e327fc316379/test-data/slideshow/alterman_security.pptx
aptia.pptx	microsoft-powerpoint	c212ee4e7f66b2aaf42eef65babfafea62d9022e7fdc9739c8ea9593f20f0b70	https://raw.githubusercontent.com/apache/poi/11ede1db13c554b4341266faeb84e327fc316379/test-data/slideshow/aptia.pptx
at.ecodesign.www_downloads_Vertiefungsvortrag_elektronik.pptx	microsoft-powerpoint	4c9630fe85061c2bcb9d5638ad810fc18e8d7ae301a96d446f72b40995773578	https://raw.githubusercontent.com/apache/poi/11ede1db13c554b4341266faeb84e327fc316379/test-data/slideshow/at.ecodesign.www_downloads_Vertiefungsvortrag_elektronik.pptx
au.asn.aes.www_conferences_2011_presentations_Fri_20Room4Level4_20930_20Maloney.pptx	microsoft-powerpoint	426582c9408e74cd061f2b4dc01fd6b8ddfbb55dda4fdf419e3dca313d107a7f	https://raw.githubusercontent.com/apache/poi/11ede1db13c554b4341266faeb84e327fc316379/test-data/slideshow/au.asn.aes.www_conferences_2011_presentations_Fri_20Room4Level4_20930_20Maloney.pptx
backgrounds.pptx	microsoft-powerpoint	6d1e661c87b072a701e02e28f9d2c9bb43c6bfe0ad5acd02811a0382bab769b7	https://raw.githubusercontent.com/apache/poi/11ede1db13c554b4341266faeb84e327fc316379/test-data/slideshow/backgrounds.pptx
bar-chart.pptx	microsoft-powerpoint	79e1d218bfb2903e8dc8425a6b1997d9c1976f5a5f025bada85b0c47b5777969	https://raw.githubusercontent.com/apache/poi/11ede1db13c554b4341266faeb84e327fc316379/test-data/slideshow/bar-chart.pptx
bug58144-headers-footers-2007.pptx	microsoft-powerpoint	63e0db239ef3083b8537705941247af195b200e83535f8d92c246e774f771289	https://raw.githubusercontent.com/apache/poi/11ede1db13c554b4341266faeb84e327fc316379/test-data/slideshow/bug58144-headers-footers-2007.pptx
bug60993.pptx	libreoffice-impress	ad54b71b1deeec29d9e5e6d8d81ae4590b5ffafb906ea738aebe347336189364	https://raw.githubusercontent.com/apache/poi/11ede1db13c554b4341266faeb84e327fc316379/test-data/slideshow/bug60993.pptx
bug64693.pptx	microsoft-powerpoint	8cfe77cee329d0186fcb2827b5ad49371b3b7833ab6181e63de6b923e96ec275	https://raw.githubusercontent.com/apache/poi/11ede1db13c554b4341266faeb84e327fc316379/test-data/slideshow/bug64693.pptx
bug68703.pptx	microsoft-powerpoint	f232d0dc390c741855b4395f74a11d2610243fffd8699f72dd3185ad5f930852	https://raw.githubusercontent.com/apache/poi/11ede1db13c554b4341266faeb84e327fc316379/test-data/slideshow/bug68703.pptx
chart-picture-bg.pptx	microsoft-powerpoint	97bad7041fa5f23408eea513cd85bf7fed47a8ba218d8791a59be14cb53fdaa5	https://raw.githubusercontent.com/apache/poi/11ede1db13c554b4341266faeb84e327fc316379/test-data/slideshow/chart-picture-bg.pptx
chart-slide-bg.pptx	microsoft-powerpoint	1e57296fdac894c239ed47e4fc9521da59ab26c34f4d28ec2036f0befbc5fd74	https://raw.githubusercontent.com/apache/poi/11ede1db13c554b4341266faeb84e327fc316379/test-data/slideshow/chart-slide-bg.pptx
chart-texture-bg.pptx	microsoft-powerpoint	ae762899957805da751059c50ae8e770fb97ce5905e6a177b7c9644c4b173d45	https://raw.githubusercontent.com/apache/poi/11ede1db13c554b4341266faeb84e327fc316379/test-data/slideshow/chart-texture-bg.pptx
copy-slide-demo.pptx	microsoft-powerpoint	3c72f8c73785f45b3698477edba39f0f1bffbff54826566bc368fda453abf300	https://raw.githubusercontent.com/apache/poi/11ede1db13c554b4341266faeb84e327fc316379/test-data/slideshow/copy-slide-demo.pptx
crop-to-0.pptx	libreoffice-impress	5d6aa3a226c6257592e3d97d4a4a4e4832c16411116d97e70676f38dc5a525c5	https://raw.githubusercontent.com/apache/poi/11ede1db13c554b4341266faeb84e327fc316379/test-data/slideshow/crop-to-0.pptx
customGeo.pptx	microsoft-powerpoint	9baa7f4554cbaddfcebcc431432268ea34f20c02787172bb0a7d12d640e7e84f	https://raw.githubusercontent.com/apache/poi/11ede1db13c554b4341266faeb84e327fc316379/test-data/slideshow/customGeo.pptx
ececapstonespring2012.pptx	microsoft-powerpoint	dfbe5d5ba7ca5f718858250dedb30c1da3e3a28cb1ecfebd9ca96d4e58fa7051	https://raw.githubusercontent.com/apache/poi/11ede1db13c554b4341266faeb84e327fc316379/test-data/slideshow/ececapstonespring2012.pptx
layouts.pptx	microsoft-powerpoint	9c3d53afa3115de2ba72ec77637a616aeed505a6ff3b30a46db871c4edd32be5	https://raw.githubusercontent.com/apache/poi/11ede1db13c554b4341266faeb84e327fc316379/test-data/slideshow/layouts.pptx
line-chart.pptx	microsoft-powerpoint	a2319540fb096629874e8c2baf91b9f8afd1386bfba411efff503b96dce9e9a1	https://raw.githubusercontent.com/apache/poi/11ede1db13c554b4341266faeb84e327fc316379/test-data/slideshow/line-chart.pptx
pie-chart.pptx	microsoft-powerpoint	3b6404b59b24cb79fbb91fc2e92bd8b80cdc340aeed71a1ec1e267db0d8ad444	https://raw.githubusercontent.com/apache/poi/11ede1db13c554b4341266faeb84e327fc316379/test-data/slideshow/pie-chart.pptx
placeholder-layout-color.pptx	microsoft-powerpoint	b683af99cf4e71db112fe87db15840846c53dbc7a6839cbf84804980d21af9ce	https://raw.githubusercontent.com/apache/poi/11ede1db13c554b4341266faeb84e327fc316379/test-data/slideshow/placeholder-layout-color.pptx
sample_pptx_grouping_issues.pptx	microsoft-powerpoint	a8639e12e763a01d889a6178e154c21db2dd4275f8f35ac81a458f81e26b2c18	https://raw.githubusercontent.com/apache/poi/11ede1db13c554b4341266faeb84e327fc316379/test-data/slideshow/sample_pptx_grouping_issues.pptx
smartart-rotated-text.pptx	microsoft-powerpoint	a357985aec81b0bfa8a71138bbe94c9b3f6e00dee110c0da34302e22253de260	https://raw.githubusercontent.com/apache/poi/11ede1db13c554b4341266faeb84e327fc316379/test-data/slideshow/smartart-rotated-text.pptx
smartart-simple.pptx	microsoft-powerpoint	238ff6433dac00b2722edb9a29d97f56ab4f3c9c37f33a73d6f53baf494916aa	https://raw.githubusercontent.com/apache/poi/11ede1db13c554b4341266faeb84e327fc316379/test-data/slideshow/smartart-simple.pptx
themes.pptx	microsoft-powerpoint	3ea86e4ee84a8bca6b99fe3a9f2a9a9186c0655df28ff92a2d02da24926c64ba	https://raw.githubusercontent.com/apache/poi/11ede1db13c554b4341266faeb84e327fc316379/test-data/slideshow/themes.pptx
gdown-google-slides.pptx	google-slides	dcf256e9df93140c10e51fcda344445eeb73bd45389d3c42186abd366c622000	https://docs.google.com/presentation/d/13AhW1Z1GYGaiTpJ0Pr2TTXoQivb6jx-a/export?format=pptx
